DEPTH,OrigDepth,CORE_NO,SAMPLE,CKHG,CKHL,CKVG,CKVL,CPOR,CPORV,So,Sw,CGD,CGDV
3838.6,3837,1,1,13.8,11.5,,,17,,,,2.66,
3838.85,3837.25,1,2,,,,,14.8,,,,2.67,
3839.15,3837.55,1,3,25.2,21.4,3.94,3.16,10.8,,,,2.69,
3839.4,3837.8,1,4,1.02,0.694,,,12.8,,,,2.7,
3839.48,3837.88,1,5,,,,,,18.8,52.9,36.4,,2.68
3839.6,3838,1,6,524,491,,,16.4,,,,2.69,
3839.85,3838.25,1,7,274,253,,,16.5,,,,2.66,
3840.1,3838.5,1,8,1130,1080,1100,1040,17.2,,,,2.66,
3840.35,3838.75,1,9,442,412,,,16.9,,,,2.66,
3840.52,3838.92,1,10,,,,,,19.5,72.5,11,,2.68
3840.6,3839,1,11,19.3,16.3,,,20.1,,,,2.66,
3840.8,3839.2,1,12,0.298,0.189,,,10.3,,,,2.93,
3841,3839.4,1,13,6.54,5.36,1200,1140,12.7,,,,3.03,
3841.35,3839.75,1,14,593,557,,,19,,,,2.66,
3841.52,3839.92,1,15,,,,,,8.6,23.9,52.4,,2.74
3841.6,3840,1,16,0.151,0.092,,,9.9,,,,2.91,
3841.8,3840.2,1,17,260,238,,,20.6,,,,2.63,
3842.05,3840.45,1,18,168,152,17.6,14.8,21,,,,2.66,
3842.35,3840.75,1,19,317,293,,,22.7,,,,2.64,
3842.54,3840.94,1,20,,,,,,24.4,61.6,21.7,,2.64
3842.6,3841,1,21,44.8,38.9,,,21.9,,,,2.69,
3842.8,3841.2,1,22,207,189,,,20,,,,2.63,
3843.05,3841.45,1,23,65,57,19.4,16.4,22.1,,,,2.62,
3843.35,3841.75,1,24,50.4,43.7,,,17.7,,,,2.63,
3843.53,3841.93,1,25,,,,,,13.9,31.7,43.4,,2.63
3843.6,3842,1,26,0.994,0.675,,,11.6,,,,2.67,
3843.85,3842.25,1,27,14.5,12.1,,,19.6,,,,2.63,
3844.1,3842.5,1,28,171,156,18.3,15.5,24.4,,,,2.67,
3844.35,3842.75,1,29,136,122,,,25.8,,,,2.62,
3844.51,3842.91,1,30,,,,,,26.1,62.2,23.9,,2.63
3844.6,3843,1,31,131,118,,,26.4,,,,2.64,
3844.8,3843.2,1,32,125,112,,,24.9,,,,2.62,
3845.05,3843.45,1,33,121,108,111,98.9,25.1,,,,2.63,
3845.35,3843.75,1,34,86.5,76.6,,,25,,,,2.62,
3845.54,3843.94,1,35,,,,,,24.2,59.8,23.3,,2.63
3845.6,3844,1,36,74.6,65.8,,,24.3,,,,2.63,
3845.85,3844.25,1,37,70.1,61.6,,,23.5,,,,2.62,
3846.1,3844.5,1,38,102,90.5,92.8,82.4,36,,,,2.63,
3846.35,3844.75,1,39,94.1,83.6,,,24,,,,2.63,
3846.53,3844.93,1,40,,,,,,25,78.4,9.7,,2.63
3846.6,3845,1,41,138,124,,,25,,,,2.63,
3846.85,3845.25,1,42,175,159,,,24.9,,,,2.63,
3847.1,3845.5,1,43,133,120,61.9,54.3,23.6,,,,2.63,
3847.35,3845.75,1,44,123,110,56.6,49.4,22.6,,,,2.63,
3847.51,3845.91,1,45,,,,,,19.8,67.4,18.1,,2.66
3847.6,3846,1,46,30.4,26,,,18.3,,,,2.67,
3847.85,3846.25,1,47,1.06,0.725,,,8.7,,,,2.71,
3848.1,3846.5,1,48,17.8,14.8,5.7,4.7,15,,,,2.68,
3848.35,3846.75,1,49,15.9,13.1,,,16.9,,,,2.72,
3848.53,3846.93,1,50,,,,,,23.5,67.2,18.3,,2.64
3848.6,3847,1,51,140,126,,,24,,,,2.63,
3848.85,3847.25,1,52,142,128,,,24.4,,,,2.62,
3849.1,3847.5,1,53,111,99.3,95.3,84.7,24.1,,,,2.62,
3849.35,3847.75,1,54,157,142,,,24.9,,,,2.62,
3849.5,3847.9,1,55,,,,,,25,68.1,15.3,,2.64
3849.6,3848,1,56,138,124,,,24.6,,,,2.64,
3849.85,3848.25,1,57,57.2,50,,,22.5,,,,2.62,
3850.1,3848.5,1,58,38,32.5,50.9,44.4,22,,,,2.62,
3850.35,3848.75,1,59,61,53.3,,,29.3,,,,2.62,
3850.5,3848.9,1,60,,,,,,23.8,58.5,22.4,,2.64
3850.6,3849,1,61,53.8,47.1,,,23.8,,,,2.64,
3850.8,3849.2,1,62,57.4,50.2,,,23.2,,,,2.64,
3851,3849.4,1,63,53.7,46.7,37.8,32.7,23.1,,,,2.63,
3851.35,3849.75,1,64,44.8,38.6,,,23.6,,,,2.63,
3851.51,3849.91,1,65,,,,,,23.2,57.2,26.6,,2.64
3851.6,3850,1,66,41.2,35.7,,,23.9,,,,2.66,
3851.85,3850.25,1,67,104,93.2,,,22.5,,,,2.64,
3852.1,3850.5,1,68,119,106,107,95.4,22,,,,2.65,
3852.35,3850.75,1,69,127,114,,,21.9,,,,2.65,
3852.51,3850.91,1,70,,,,,,23.5,62.4,20.9,,2.65
3852.6,3851,1,71,229,209,,,25.1,,,,2.65,
3853.05,3851.45,1,72,21.6,18.2,2.07,1.56,17.6,,,,2.62,
3853.35,3851.75,1,73,,,,,14.7,,,,2.66,
3853.5,3851.9,1,74,,,,,,20.9,53.1,29.8,,2.66
3853.6,3852,1,75,3.99,3.2,,,16.1,,,,2.68,
3853.8,3852.2,1,76,1.3,0.9,,,9.2,,,,2.71,
3854.2,3854,2,77,0.036,0.02,,,4,,,,2.74,
3854.4,3854.2,2,78,0.026,0.014,,,3.8,,,,2.74,
3854.6,3854.4,2,79,0.023,0.012,0.073,0.043,3.3,,,,2.74,
3855,3854.8,2,80,,,,,7.3,,,,2.78,
3855.1,3854.9,2,81,,,,,,11.4,33.8,45.8,,2.71
3855.2,3855,2,82,21.2,18,,,19.7,,,,2.69,
3855.45,3855.25,2,83,29.9,25.5,,,21.1,,,,2.65,
3855.7,3855.5,2,84,0.244,0.152,0.088,0.051,8.6,,,,2.73,
3855.95,3855.75,2,85,0.022,0.012,,,3.2,,,,2.74,
3856.06,3855.86,2,86,,,,,,2.7,20.7,62.4,,2.76
3856.2,3856,2,87,0.018,0.01,,,3.3,,,,2.76,
3856.4,3856.2,2,88,0.584,0.384,,,8.5,,,,2.71,
3856.6,3856.4,2,89,20.3,17,20.4,17.3,18.3,,,,2.66,
3856.95,3856.75,2,90,38.6,33,,,21,,,,2.64,
3857.13,3856.93,2,91,,,,,,19.1,48.5,30.1,,2.63
3857.2,3857,2,92,15,12.6,,,18.2,,,,2.65,
3857.45,3857.25,2,93,214,195,,,23.4,,,,2.64,
3857.7,3857.5,2,94,250,229,99.3,88.5,29.1,,,,2.63,
3857.95,3857.75,2,95,80.1,70.6,,,22.1,,,,2.64,
3858.1,3857.9,2,96,,,,,,22.9,66.4,17,,2.65
3858.2,3858,2,97,104,92.5,,,21,,,,2.65,
3858.4,3858.2,2,98,5.92,4.89,,,15.8,,,,2.66,
3858.6,3858.4,2,99,21,17.7,48.1,41.8,18.7,,,,2.71,
3858.95,3858.75,2,100,36,30.9,,,14.7,,,,2.69,
3859.11,3858.91,2,101,,,,,,18.9,67.7,22.3,,2.66
3859.2,3859,2,102,95.9,85.3,,,20.3,,,,2.66,
3859.45,3859.25,2,103,40.7,35.1,,,19.1,,,,2.66,
3859.7,3859.5,2,104,,,26.8,22.9,18.1,,,,2.65,
3859.95,3859.75,2,105,20.6,17.3,,,19.9,,,,2.63,
3860.09,3859.89,2,106,,,,,,22.2,68,16.6,,2.65
3860.2,3860,2,107,20800,20500,,,23.6,,,,2.64,
3860.35,3860.15,2,108,20400,20100,,,22.9,,,,2.64,
3861.5,3861.3,2,109,2480,2390,,,23.5,,,,2.64,
3861.9,3861.7,2,110,5230,5090,,,33.8,,,,2.64,
3862.1,3861.9,2,111,,,,,,23.3,77,8.5,,2.63
3862.2,3862,2,112,3780,3660,,,25,,,,2.65,
3862.4,3862.2,2,113,6260,6100,,,24.4,,,,2.63,
3862.6,3862.4,2,114,6930,6760,3690,3580,33.1,,,,2.63,
3862.85,3862.65,2,115,4950,4820,,,24.1,,,,2.64,
3863.02,3862.82,2,116,,,,,,24.6,80,5.9,,2.65
3863.2,3863,2,117,2270,2180,,,24.8,,,,2.63,
3867.2,3867,2,118,6430,6270,,,22.9,,,,2.64,
3867.35,3867.15,2,119,4950,4810,,,21.1,,,,2.65,
3868.2,3868,2,120,1540,1480,,,18.1,,,,2.67,
3868.45,3868.25,2,121,5410,5270,,,22.2,,,,2.64,
3868.9,3868.7,2,122,7150,6980,,,22.3,,,,2.66,
3869.11,3868.91,2,123,,,,,,23.4,73.9,6.3,,2.65
3869.2,3869,2,124,6470,6310,,,23.3,,,,2.66,
3869.45,3869.25,2,125,9350,9150,,,25,,,,2.64,
3869.7,3869.5,2,126,10000,9810,8050,7860,33.8,,,,2.65,
3869.95,3869.75,2,127,8290,8110,,,23.8,,,,2.64,
3870.11,3869.91,2,128,,,,,,25,83.2,5.4,,2.64
3870.2,3870,2,129,8790,8600,,,24.1,,,,2.65,
3870.4,3870.2,2,130,7310,7140,,,24,,,,2.65,
3870.6,3870.4,2,131,8370,8190,14800,14500,23.9,,,,2.65,
3870.95,3870.75,2,132,8570,8380,,,23.9,,,,2.65,
3871.12,3870.92,2,133,,,,,,25.6,79,7.4,,2.64
3871.2,3871,2,134,10900,10600,,,25,,,,2.66,
3871.45,3871.25,2,135,11800,11600,,,25.1,,,,2.65,
3871.7,3871.5,2,136,11000,10800,12300,12000,24.6,,,,2.64,
3871.95,3871.75,2,137,11900,11600,,,24.7,,,,2.64,
3872.08,3871.88,2,138,,,,,,24.9,83.9,4.5,,2.65
3872.2,3872,2,139,13200,12900,,,25.9,,,,2.65,
3872.7,3872.5,2,140,11800,11500,10200,9980,23.3,,,,2.66,
3873,3872.8,2,141,6520,6350,,,24.7,,,,2.64,
3873.2,3873,2,142,6660,6500,,,23.6,,,,2.65,
3873.45,3873.25,2,143,3590,3480,,,23,,,,2.64,
3873.7,3873.5,2,144,4040,3920,3800,3680,23.6,,,,2.65,
3873.95,3873.75,2,145,2580,2480,,,22.8,,,,2.65,
3874.14,3873.94,2,146,,,,,,22.5,86,8,,2.65
3874.2,3874,2,147,1740,1670,,,22.4,,,,2.66,
3874.4,3874.2,2,148,2880,2790,,,22.8,,,,2.65,
3874.6,3874.4,2,149,291,268,564,529,20.9,,,,2.65,
3874.95,3874.75,2,150,142,128,,,21.4,,,,2.65,
3875.1,3874.9,2,151,,,,,,22.4,77.8,13.1,,2.64
3875.2,3875,2,152,382,355,,,20,,,,2.66,
3875.45,3875.25,2,153,,,,,18.9,,,,2.66,
3875.7,3875.5,2,154,16.3,13.5,245,225,15.2,,,,2.64,
3875.95,3875.75,2,155,1.89,1.34,,,12.7,,,,2.65,
3876.14,3875.94,2,156,,,,,,6.6,21.3,60.1,,2.71
3876.2,3876,2,157,0.328,0.209,,,8.2,,,,2.7,
3876.45,3876.25,2,158,,,,,5.4,,,,2.72,
3876.75,3876.55,2,159,0.459,0.298,0.161,0.098,7.4,,,,2.69,
3876.95,3876.75,2,160,,,,,,,,,,
3877.05,3876.85,2,161,,,,,,3.1,25.5,63.1,,2.75
3877.2,3877,2,162,0.052,0.03,,,4,,,,2.76,
3877.45,3877.25,2,163,94,83.5,,,25.3,,,,2.66,
3877.75,3877.55,2,164,354,328,,,29.9,,,,2.65,
3878,3877.8,2,165,243,223,,,28.9,,,,2.64,
3878.11,3877.91,2,166,,,,,,27.8,72,15.1,,2.65
3878.2,3878,2,167,198,180,,,25.4,,,,2.67,
3878.4,3878.2,2,168,123,110,,,24.3,,,,2.67,
3878.7,3878.5,2,169,89.6,79.4,,,21.8,,,,2.67,
3878.95,3878.75,2,170,5.05,4.13,3.66,2.91,12,,,,2.71,
3879.12,3878.92,2,171,,,,,,11.9,44.3,28.6,,2.72
3879.2,3879,2,172,10.5,8.78,,,14.1,,,,2.7,
3879.45,3879.25,2,173,4.73,3.84,,,12.4,,,,2.71,
3879.7,3879.5,2,174,0.584,0.385,0.587,0.387,8.6,,,,2.73,
3879.95,3879.75,2,175,0.706,0.47,,,9.7,,,,2.71,
3880.14,3879.94,2,176,,,,,,21.9,60.5,19,,2.64
3880.2,3880,2,177,50.1,43.6,,,21.7,,,,2.66,
3881.45,3881.25,2,178,124,111,,,23.6,,,,2.63,
3881.65,3881.45,2,179,,,96.3,85.7,,,,,,
3882.1,3881.5,3,180,78.3,69,79.1,70,21.2,,,,2.65,
3882.4,3881.8,3,181,60.3,52.8,,,21.2,,,,2.65,
3882.52,3881.92,3,182,,,,,,21.7,57.5,22.8,,2.66
3882.6,3882,3,183,66.4,58.4,,,21.5,,,,2.66,
3882.8,3882.2,3,184,60.3,52.9,,,21.1,,,,2.65,
3883,3882.4,3,185,77.5,68.3,73.6,64.9,29,,,,2.65,
3883.25,3882.65,3,186,79.1,69.7,,,21.9,,,,2.65,
3883.43,3882.83,3,187,,,,,,21.4,60.4,21.1,,2.66
3883.5,3882.9,3,188,74.4,65.7,,,21.9,,,,2.66,
3883.8,3883.2,3,189,95.2,84.6,,,21.9,,,,2.65,
3884.1,3883.5,3,190,63.9,56,45.4,39.3,18.7,,,,2.66,
3884.35,3883.75,3,191,58.8,51.4,,,17,,,,2.67,
3884.52,3883.92,3,192,,,,,,17.8,58.1,21.4,,2.7
3884.6,3884,3,193,56,48.9,,,17.3,,,,2.69,
3884.85,3884.25,3,194,62.8,55.2,,,17.1,,,,2.67,
3885.1,3884.5,3,195,68.6,60.3,88.3,78.2,21.4,,,,2.67,
3885.35,3884.75,3,196,103,92.2,,,19.3,,,,2.66,
3885.53,3884.93,3,197,,,,,,18.2,59.6,23.6,,2.65
3885.6,3885,3,198,77.7,68.7,,,19.2,,,,2.65,
3885.85,3885.25,3,199,69.2,60.8,,,18.2,,,,2.66,
3886.15,3885.55,3,200,328,303,498,465,20.7,,,,2.62,
3886.35,3885.75,3,201,511,479,,,21.4,,,,2.63,
3886.54,3885.94,3,202,,,,,,21.2,68.8,18.1,,2.63
3886.6,3886,3,203,350,324,,,21.1,,,,2.63,
3886.85,3886.25,3,204,412,383,,,21,,,,2.63,
3887.1,3886.5,3,205,432,402,410,381,21.3,,,,2.63,
3887.35,3886.75,3,206,57.7,50.3,,,18.8,,,,2.62,
3887.53,3886.93,3,207,,,,,,20.5,55.6,22.3,,2.63
3887.6,3887,3,208,130,117,,,20.7,,,,2.62,
3887.85,3887.25,3,209,217,199,,,21.7,,,,2.63,
3888.15,3887.55,3,210,221,201,148,134,21.5,,,,2.62,
3888.35,3887.75,3,211,170,154,,,21.3,,,,2.63,
3888.54,3887.94,3,212,,,,,,21.5,67.4,20.1,,2.62
3888.6,3888,3,213,206,188,,,21.4,,,,2.63,
3888.85,3888.25,3,214,177,160,,,21.2,,,,2.62,
3889.1,3888.5,3,215,109,97.8,132,119,20.9,,,,2.62,
3889.35,3888.75,3,216,40.9,35.2,,,20.7,,,,2.63,
3889.5,3888.9,3,217,,,,,,21.2,64.5,26.1,,2.62
3889.6,3889,3,218,179,163,,,22.2,,,,2.64,
3889.85,3889.25,3,219,94.5,84,,,20.6,,,,2.64,
3890.15,3889.55,3,220,193,175,9.68,8.02,22.5,,,,2.63,
3890.35,3889.75,3,221,146,132,,,21.9,,,,2.63,
3890.52,3889.92,3,222,,,,,,22,65.1,22.3,,2.63
3890.6,3890,3,223,84.3,74.8,,,21.4,,,,2.63,
3890.85,3890.25,3,224,218,199,,,23.2,,,,2.63,
3891.1,3890.5,3,225,178,161,59.3,51.9,22.8,,,,2.63,
3891.35,3890.75,3,226,94.5,84,,,20.2,,,,2.64,
3891.6,3891,3,227,1.89,1.34,,,15.1,,,,2.65,
3891.85,3891.25,3,228,13,10.8,,,18.8,,,,2.64,
3892.15,3891.55,3,229,5.97,4.95,15.1,12.7,14.4,,,,2.65,
3892.35,3891.75,3,230,87.3,77.3,,,20.9,,,,2.64,
3892.51,3891.91,3,231,,,,,,20.2,64.7,24.3,,2.65
3892.6,3892,3,232,75.9,67,,,16.8,,,,2.64,
3892.85,3892.25,3,233,179,163,,,22.2,,,,2.64,
3893.1,3892.5,3,234,119,106,73.9,65.2,21.4,,,,2.64,
3893.35,3892.75,3,235,184,167,,,21.2,,,,2.65,
3893.5,3892.9,3,236,,,,,,18.1,69.1,21.8,,2.69
3893.6,3893,3,237,47.8,41.5,,,15.3,,,,2.67,
3893.8,3893.2,3,238,124,111,,,16.2,,,,2.67,
3894.1,3893.5,3,239,132,118,95.3,84.7,21.8,,,,2.64,
3894.35,3893.75,3,240,1.32,0.915,,,13.3,,,,2.66,
3894.55,3893.95,3,241,,,,,,18.6,42,37.1,,2.66
3894.6,3894,3,242,10.4,8.63,,,18.8,,,,2.65,
3894.85,3894.25,3,243,2.87,2.24,,,15,,,,2.62,
3895.1,3894.5,3,244,71.8,63.2,,,23.3,,,,2.63,
3895.35,3894.75,3,245,85.6,75.7,,,23.4,,,,2.64,
3895.52,3894.92,3,246,,,,,,23.6,61.1,27.2,,2.64
3895.6,3895,3,247,73.1,64.4,,,31.3,,,,2.64,
3895.85,3895.25,3,248,103,92,,,23.4,,,,2.64,
3896.15,3895.55,3,249,97.3,86.3,61.7,54.1,24.1,,,,2.65,
3896.35,3895.75,3,250,107,95.5,,,23.4,,,,2.64,
3896.52,3895.92,3,251,,,,,,18.7,45.9,35.7,,2.62
3896.6,3896,3,252,40.1,34.6,,,21.7,,,,2.64,
3896.85,3896.25,3,253,104,93.2,,,23,,,,2.64,
3897.1,3896.5,3,254,102,90.5,99.4,88.6,22.5,,,,2.64,
3897.35,3896.75,3,255,67,58.8,,,21.7,,,,2.64,
3897.53,3896.93,3,256,,,,,,21,58.4,22.5,,2.64
3897.6,3897,3,257,61.6,54.1,,,21.6,,,,2.65,
3897.85,3897.25,3,258,84.7,74.9,,,21.1,,,,2.64,
3898.15,3897.55,3,259,62.3,54.4,42.9,37,19.7,,,,2.65,
3898.35,3897.75,3,260,72.8,64.1,,,17.4,,,,2.68,
3898.54,3897.94,3,261,,,,,,17.2,68.3,22.7,,2.66
3898.6,3898,3,262,49,42.5,,,17.5,,,,2.66,
3898.85,3898.25,3,263,162,147,,,18.1,,,,2.64,
3899.15,3898.55,3,264,92.2,81.8,,,17.3,,,,2.67,
3899.6,3899,3,265,1590,1520,,,21,,,,2.63,
3899.85,3899.25,3,266,1580,1510,,,20.9,,,,2.63,
3900.15,3899.55,3,267,1570,1500,1440,1370,21.8,,,,2.63,
3900.35,3899.75,3,268,2660,2570,,,22.8,,,,2.63,
3900.6,3900,3,269,1640,1570,,,21.2,,,,2.62,
3900.85,3900.25,3,270,1120,1070,,,19.7,,,,2.6,
3901.1,3900.5,3,271,1220,1160,1910,1830,29.9,,,,2.63,
3901.35,3900.75,3,272,2780,2690,,,20.6,,,,2.63,
3901.5,3900.9,3,273,,,,,,19.3,79.5,15,,2.63
3901.6,3901,3,274,1280,1220,,,19.7,,,,2.65,
3901.85,3901.25,3,275,473,442,,,18.2,,,,2.61,
3902.15,3901.55,3,276,1340,1280,270,248,20.3,,,,2.63,
3902.35,3901.75,3,277,1510,1440,,,20.9,,,,2.62,
3902.53,3901.93,3,278,,,,,,19,76.8,15.5,,2.62
3902.6,3902,3,279,464,433,,,20.2,,,,2.66,
3902.85,3902.25,3,280,305,282,,,19.6,,,,2.62,
3903.1,3902.5,3,281,239,219,803,759,26.3,,,,2.64,
3903.35,3902.75,3,282,273,251,,,19.9,,,,2.63,
3903.52,3902.92,3,283,,,,,,18.9,67.3,23.5,,2.63
3903.6,3903,3,284,724,683,,,18.3,,,,2.63,
3903.85,3903.25,3,285,244,223,,,18.4,,,,2.63,
3904.15,3903.55,3,286,506,473,490,459,19.5,,,,2.63,
3904.35,3903.75,3,287,524,491,,,19.3,,,,2.63,
3904.53,3903.93,3,288,,,,,,19.3,68.2,23.4,,2.63
3904.6,3904,3,289,346,320,,,19.5,,,,2.65,
3904.85,3904.25,3,290,1200,1140,,,20.1,,,,2.63,
3905.1,3904.5,3,291,743,702,742,700,19.6,,,,2.63,
3905.35,3904.75,3,292,1130,1070,,,19.2,,,,2.62,
3905.53,3904.93,3,293,,,,,,17.9,70.9,20.6,,2.62
3905.6,3905,3,294,170,154,,,17.8,,,,2.64,
3905.85,3905.25,3,295,214,196,,,18.1,,,,2.62,
3906.15,3905.55,3,296,253,232,162,147,18.9,,,,2.62,
3906.35,3905.75,3,297,648,610,,,19.3,,,,2.62,
3906.52,3905.92,3,298,,,,,,15.7,46.9,35.4,,2.63
3906.6,3906,3,299,157,143,,,19.7,,,,2.65,
3906.8,3906.2,3,300,,,,,15.7,,,,2.62,
3907.1,3906.5,3,301,69.8,61.4,84.1,74.6,18.6,,,,2.64,
3907.35,3906.75,3,302,392,365,,,27.7,,,,2.64,
3907.85,3907.25,3,303,2050,1970,,,19.9,,,,2.64,
3908.1,3907.5,3,304,0.921,0.623,,,11.4,,,,2.69,
3908.5,3907.9,3,305,,,,,15.5,,,,2.64,
3908.85,3908.25,3,306,52.7,45.9,,,22.5,,,,2.63,
3909.1,3908.5,4,307,220,201,,,24.4,,,,2.65,
3909.17,3908.57,4,308,,,,,,23.7,62.3,27.3,,2.63
3909.6,3909,4,309,179,163,,,24,,,,2.64,
3909.85,3909.25,4,310,163,148,,,23.5,,,,2.63,
3910.15,3909.55,4,311,175,159,152,137,23.5,,,,2.63,
3910.35,3909.75,4,312,158,143,,,23.2,,,,2.63,
3910.52,3909.92,4,313,,,,,,24.3,64.1,23.1,,2.64
3910.6,3910,4,314,213,194,,,24.5,,,,2.64,
3910.85,3910.25,4,315,228,208,,,23.8,,,,2.63,
3911.1,3910.5,4,316,261,239,238,218,24.4,,,,2.64,
3911.35,3910.75,4,317,219,200,,,24.1,,,,2.64,
3911.51,3910.91,4,318,,,,,,24.3,66.4,23.5,,2.64
3911.6,3911,4,319,243,223,,,24.9,,,,2.64,
3911.85,3911.25,4,320,100,89.1,,,22.2,,,,2.64,
3912.15,3911.55,4,321,91.5,81.2,75.4,66.6,22,,,,2.64,
3912.35,3911.75,4,322,274,252,,,24.3,,,,2.65,
3912.52,3911.92,4,323,,,,,,24.1,68.7,20.7,,2.64
3912.6,3912,4,324,262,241,,,24,,,,2.64,
3912.85,3912.25,4,325,323,299,,,24.7,,,,2.66,
3913.1,3912.5,4,326,266,244,185,168,22.8,,,,2.68,
3913.35,3912.75,4,327,218,199,,,21.4,,,,2.68,
3913.53,3912.93,4,328,,,,,,21.2,73.1,19.1,,2.67
3913.6,3913,4,329,221,202,,,21,,,,2.66,
3913.85,3913.25,4,330,261,240,,,21.7,,,,2.66,
3914.2,3913.6,4,331,76.9,67.9,75.3,66.4,20.4,,,,2.67,
3914.4,3913.8,4,332,63.6,55.7,,,20.4,,,,2.67,
3914.5,3913.9,4,333,,,,,,20.8,59.9,28.5,,2.67
3914.6,3914,4,334,41.7,36.1,,,19.4,,,,2.66,
3914.85,3914.25,4,335,59.9,52.3,,,20.8,,,,2.66,
3915.15,3914.55,4,336,85.1,75.3,51.2,44.7,21.4,,,,2.66,
3915.35,3914.75,4,337,101,90.3,,,22.3,,,,2.66,
3915.51,3914.91,4,338,,,,,,22.3,61.3,26.8,,2.66
3915.6,3915,4,339,129,116,,,22.8,,,,2.65,
3916.05,3915.45,4,340,,,,,19.7,,,,2.67,
3916.3,3915.7,4,341,139,125,,,23.2,,,,2.66,
3916.6,3916,4,342,306,282,,,25.5,,,,2.69,
3916.8,3916.2,4,343,248,227,,,24.4,,,,2.67,
3917,3916.4,4,344,238,218,169,153,24.2,,,,2.67,
3917.35,3916.75,4,345,181,165,,,24.4,,,,2.68,
3917.5,3916.9,4,346,,,,,,24,62.4,24,,2.66
3917.6,3917,4,347,243,223,,,24,,,,2.65,
3917.85,3917.25,4,348,49.6,43.1,,,20.2,,,,2.66,
3918.1,3917.5,4,349,39.8,34.3,39,33.6,24.2,,,,2.65,
3918.35,3917.75,4,350,66.1,58,,,21.8,,,,2.66,
3918.49,3917.89,4,351,,,,,,21.4,51.1,34.6,,2.66
3918.6,3918,4,352,63.3,55.6,,,20.8,,,,2.67,
3918.85,3918.25,4,353,23.6,20,,,17.3,,,,2.68,
3919.1,3918.5,4,354,67.5,59.2,59.1,51.7,21.2,,,,2.68,
3919.35,3918.75,4,355,8.11,6.63,,,15.6,,,,2.75,
3919.52,3918.92,4,356,,,,,,16.9,45.5,38.8,,2.81
3920.05,3919.45,4,357,1.46,1.02,0.195,0.12,4.3,,,,2.58,
3920.3,3919.7,4,358,,,,,3.9,,,,2.62,
3920.6,3920,4,359,1.89,1.33,,,5.3,,,,2.64,
3920.8,3920.2,4,360,3.17,2.49,,,4.6,,,,2.63,
3921.15,3920.55,4,361,,,0.275,0.173,8.6,,,,2.64,
3921.35,3920.75,4,362,1.56,1.09,,,5.1,,,,2.64,
3921.5,3920.9,4,363,,,,,,4.4,5.7,78.9,,2.67
3921.6,3921,4,364,0.053,0.03,,,4.6,,,,2.66,
3921.85,3921.25,4,365,1.07,0.733,,,3.8,,,,2.67,
3922.1,3921.5,4,366,1.23,0.846,0.365,0.233,4.3,,,,2.65,
3922.35,3921.75,4,367,3.38,2.67,,,13.2,,,,2.67,
3922.49,3921.89,4,368,,,,,,15.1,0,83.7,,2.67
3922.6,3922,4,369,1.49,1.04,,,4.7,,,,2.63,
3923.05,3922.45,4,370,,,,,6.5,,,,2.64,
3923.3,3922.7,4,371,0.38,0.244,,,5.6,,,,2.65,
3923.47,3922.87,4,372,,,,,,6.7,0,75.4,,2.71
3923.6,3923,4,373,0.1,0.059,,,3.9,,,,2.64,
3923.85,3923.25,4,374,1.17,0.8,,,6.7,,,,2.66,
3924.1,3923.5,4,375,,,1.04,0.708,6.6,,,,2.64,
3924.49,3923.89,4,376,,,,,,12.3,0,79.9,,2.67
3924.6,3924,4,377,0.127,0.077,,,7.8,,,,2.65,
3924.8,3924.2,4,378,0.655,0.434,,,11.9,,,,2.65,
3925,3924.4,4,379,8.77,7.22,,,14.5,,,,2.65,
3925.7,3925.1,4,380,0.312,0.198,,,9.1,,,,2.66,
3925.9,3925.3,4,381,,,0.124,0.075,4.6,,,,2.64,
3926.1,3925.5,4,382,,,,,3.6,,,,2.67,
3926.35,3925.75,4,383,,,,,3.9,,,,2.54,
3926.5,3925.9,4,384,,,,,,9.4,0,90.8,,2.65
3926.6,3926,4,385,6,4.97,,,9.6,,,,2.67,
3926.85,3926.25,4,386,4.57,3.7,,,17,,,,2.65,
3927.15,3926.55,4,387,46.1,39.8,1.26,0.868,21.4,,,,2.64,
3927.35,3926.75,4,388,10.6,8.82,,,15.5,,,,2.63,
3927.52,3926.92,4,389,,,,,,,,,,
3927.6,3927,4,390,16.8,14.2,,,14.8,,,,2.65,
3927.85,3927.25,4,391,0.281,0.177,,,5.1,,,,2.63,
3928.1,3927.5,4,392,1.12,0.77,2.58,1.99,10.5,,,,2.65,
3928.49,3927.89,4,393,,,,,,,,,,
3928.6,3928,4,394,0.932,0.631,,,5.7,,,,2.65,
3928.75,3928.15,4,395,,,,,10.8,,,,2.67,
3929.15,3928.55,4,396,0.306,0.194,0.138,0.084,10,,,,2.64,
3929.35,3928.75,4,397,2.91,2.27,,,15.3,,,,2.64,
3929.52,3928.92,4,398,,,,,,,,,,
3929.6,3929,4,399,,,,,8.9,,,,2.65,
3929.85,3929.25,4,400,,,,,4.8,,,,2.54,
3930.1,3929.5,4,401,1.2,0.823,0.277,0.174,9.5,,,,2.54,
3930.3,3929.7,4,402,1.09,0.743,,,11,,,,2.54,
3930.52,3929.92,4,403,,,,,,,,,,
3930.6,3930,4,404,0.39,0.25,,,10.4,,,,2.53,
3930.85,3930.25,4,405,1.8,1.27,,,15.6,,,,2.64,
3931.15,3930.55,4,406,17.4,14.4,0.382,0.245,10,,,,2.93,
3931.35,3930.75,4,407,1.38,0.953,,,3.4,,,,2.63,
3931.53,3930.93,4,408,,,,,,,,,,
3931.6,3931,4,409,0.281,0.177,,,4.9,,,,2.63,
3931.9,3931.3,4,410,,,,,11.5,,,,2.25,
3932.15,3931.55,4,411,1.19,0.815,0.165,0.101,6.9,,,,2.47,
3932.35,3931.75,4,412,0.689,0.458,,,6.9,,,,2.51,
3932.52,3931.92,4,413,,,,,,,,,,
3932.6,3932,4,414,8.91,7.4,,,5.1,,,,2.54,
3932.95,3932.35,4,415,,,,,4.8,,,,2.58,
3933.15,3932.55,4,416,,,0.145,0.088,3.8,,,,2.6,
3933.35,3932.75,4,417,0.3,0.189,,,7.4,,,,2.64,
3933.53,3932.93,4,418,,,,,,,,,,
3933.6,3933,4,419,0.206,0.127,,,8.3,,,,2.69,
3933.8,3933.2,4,420,0.31,0.197,,,3.6,,,,2.65,
3934,3933.4,4,421,0.395,0.254,,,5.7,,,,2.66,
3934.25,3933.65,4,422,0.233,0.145,,,4.9,,,,2.64,
3934.54,3933.94,4,423,,,,,,,,,,
3934.6,3934,4,424,0.558,0.367,,,11.1,,,,2.64,
3934.75,3934.15,4,425,,,,,4.6,,,,2.64,
3934.95,3934.35,4,426,26.4,22.1,,,23.9,,,,2.64,
3935.3,3935.5,5,427,,,0.099,0.059,4.4,,,,2.71,
3935.6,3935.8,5,428,,,,,13.4,,,,2.64,
3935.7,3935.9,5,429,,,,,,,,,,
3935.8,3936,5,430,0.046,0.026,,,4.9,,,,2.63,
3936,3936.2,5,431,8.06,6.65,,,15.1,,,,2.64,
3936.2,3936.4,5,432,29.2,24.9,50.2,43.8,14.3,,,,2.65,
3936.55,3936.75,5,433,102,90.7,,,14.5,,,,2.6,
3936.71,3936.91,5,434,,,,,,,,,,
3936.8,3937,5,435,,,,,,,,,,
3937.05,3937.25,5,436,,,,,4.8,,,,2.41,
3937.3,3937.5,5,437,0.284,0.179,0.043,0.024,3.7,,,,2.42,
3937.55,3937.75,5,438,6.18,5.05,,,15,,,,2.64,
3937.73,3937.93,5,439,,,,,,,,,,
3937.8,3938,5,440,68.2,59.9,,,17.6,,,,2.63,
3938,3938.2,5,441,101,89.9,262,240,18.7,,,,2.68,
3938.2,3938.4,5,442,4.43,3.58,1.3,0.898,14.2,,,,2.66,
3938.55,3938.75,5,443,50.6,43.9,,,20.6,,,,2.66,
3938.74,3938.94,5,444,,,,,,,,,,
3938.8,3939,5,445,41.5,35.9,,,17.5,,,,2.66,
3939.05,3939.25,5,446,39.9,34.3,,,18.1,,,,2.65,
3939.3,3939.5,5,447,10.5,8.59,52.5,45.7,24.4,,,,2.66,
3939.55,3939.75,5,448,1.3,0.894,,,14.8,,,,2.65,
3939.73,3939.93,5,449,,,,,,,,,,
3939.8,3940,5,450,0.684,0.455,,,12.1,,,,2.66,
3940.05,3940.25,5,451,0.413,0.266,,,7.9,,,,2.65,
3940.3,3940.5,5,452,96.8,86.1,2.06,1.55,18.5,,,,2.64,
3940.55,3940.75,5,453,135,122,,,12.6,,,,2.66,
3940.7,3940.9,5,454,,,,,,,,,,
3940.8,3941,5,455,,,,,,,,,,
3941.05,3941.25,5,456,0.81,0.544,,,9.8,,,,2.65,
3941.3,3941.5,5,457,0.774,0.519,1.87,1.32,10.1,,,,2.65,
3941.55,3941.75,5,458,0.31,0.197,,,8.7,,,,2.65,
3941.6,3941.8,5,459,,,,,,,,,,
3941.8,3942,5,460,0.384,0.246,,,7.6,,,,2.65,
3942,3942.2,5,461,4.77,3.88,,,16.7,,,,2.66,
3942.2,3942.4,5,462,6.56,5.38,63.9,56.2,14.6,,,,2.65,
3942.45,3942.65,5,463,6.24,5.18,,,16.9,,,,2.65,
3942.7,3942.9,5,464,,,,,,,,,,
3942.8,3943,5,465,,,,,,,,,,
3943.05,3943.25,5,466,,,,,,,,,2.67,
3943.3,3943.5,5,467,,,,,,,,,,
3943.55,3943.75,5,468,,,,,5.9,,,,2.65,
3943.71,3943.91,5,469,,,,,,,,,,
3943.8,3944,5,470,1.17,0.805,,,13.3,,,,2.66,
3944,3944.2,5,471,8.65,7.17,,,16.5,,,,2.65,
3944.35,3944.55,5,472,2.3,1.75,5.59,4.61,14.7,,,,2.64,
3944.6,3944.8,5,473,0.309,0.196,,,4.7,,,,2.65,
3944.8,3945,5,474,2.62,2.03,,,10,,,,2.66,
3945.05,3945.25,5,475,7.1,5.86,,,13.8,,,,2.65,
3945.35,3945.55,5,476,0.379,0.243,0.152,0.092,8.4,,,,2.65,
3945.55,3945.75,5,477,0.874,0.59,,,12.3,,,,2.64,
3945.68,3945.88,5,478,,,,,,,,,,
3945.8,3946,5,479,2.4,1.84,,,12.4,,,,2.66,
3946,3946.2,5,480,0.37,0.237,,,9.7,,,,2.63,
3946.2,3946.4,5,481,0.21,0.13,0.237,0.148,6.6,,,,2.61,
3946.55,3946.75,5,482,2.96,2.32,,,10.1,,,,2.61,
3946.65,3946.85,5,483,,,,,,,,,,
3946.8,3947,5,484,2.95,2.31,,,10.5,,,,2.63,
3947.05,3947.25,5,485,0.333,0.212,,,10.2,,,,2.63,
3947.3,3947.5,5,486,0.239,0.149,0.299,0.189,13.3,,,,2.65,
3947.55,3947.75,5,487,85.8,75.9,,,17.5,,,,2.65,
3947.67,3947.87,5,488,,,,,,,,,,
3947.8,3948,5,489,191,174,,,14.9,,,,2.69,
3948,3948.2,5,490,74.5,65.7,,,17.5,,,,2.66,
3948.2,3948.4,5,491,98,87.2,10.6,8.85,18.4,,,,2.66,
3948.55,3948.75,5,492,11.5,9.67,,,15.4,,,,2.67,
3948.66,3948.86,5,493,,,,,,,,,,
3948.8,3949,5,494,243,223,,,19.9,,,,2.65,
3949,3949.2,5,495,342,317,,,21.9,,,,2.66,
3949.3,3949.5,5,496,394,366,206,188,20.2,,,,2.64,
3949.55,3949.75,5,497,133,119,,,19.2,,,,2.66,
3949.65,3949.85,5,498,63.7,56,,,19.8,,,,2.65,
3949.7,3949.9,5,499,,,,,,,,,,
3950.1,3950.3,5,500,0.134,0.081,,,5.6,,,,2.73,
3950.3,3950.5,5,501,0.277,0.174,0.048,0.027,4.6,,,,2.72,
3950.55,3950.75,5,502,0.309,0.196,,,4.4,,,,2.71,
3950.62,3950.82,5,503,,,,,,,,,,
3950.8,3951,5,504,2.43,1.86,,,7.7,,,,2.68,
3951.05,3951.25,5,505,,,,,20.3,,,,2.58,
3951.3,3951.5,5,506,1240,1190,210,192,20.7,,,,2.63,
3951.55,3951.75,5,507,667,628,,,17.5,,,,2.65,
3951.7,3951.9,5,508,,,,,,,,,,
3951.8,3952,5,509,76.7,67.5,,,20,,,,2.66,
3952,3952.2,5,510,6.38,5.28,,,10.3,,,,2.64,
3952.2,3952.4,5,511,170,154,0.885,0.597,20.3,,,,2.63,
3952.55,3952.75,5,512,605,569,,,20.7,,,,2.66,
3952.69,3952.89,5,513,,,,,,,,,,
3952.8,3953,5,514,58.9,51.6,,,17.5,,,,2.66,
3953.05,3953.25,5,515,627,589,,,16.8,,,,2.7,
3953.3,3953.5,5,516,33.2,28.1,,,25.7,,,,2.64,
3953.55,3953.75,5,517,3.72,2.97,,,12.6,,,,2.65,
3953.8,3954,5,518,243,222,,,18,,,,2.65,
3954,3954.2,5,519,145,130,,,19,,,,2.64,
3954.3,3954.5,5,520,355,329,516,483,18,,,,2.64,
3954.55,3954.75,5,521,847,802,,,20.1,,,,2.64,
3954.8,3955,5,522,949,900,,,22.6,,,,2.65,
3955.05,3955.25,5,523,,,,,21.3,,,,2.6,
3955.3,3955.5,5,524,,,21.6,18.3,21.4,,,,2.63,
3955.55,3955.75,5,525,787,744,,,21.3,,,,2.63,
3956.05,3956.25,5,526,496,464,,,20.9,,,,2.64,
3956.25,3956.45,5,527,378,351,354,328,19.2,,,,2.64,
3956.55,3956.75,5,528,678,639,,,19.9,,,,2.64,
3956.66,3956.86,5,529,,,,,,,,,,
3956.8,3957,5,530,568,533,,,22.1,,,,2.64,
3957.05,3957.25,5,531,,,,,6.4,,,,2.66,
3957.3,3957.5,5,532,59.5,52,21.9,18.6,18.5,,,,2.64,
3957.55,3957.75,5,533,0.311,0.197,,,9.5,,,,2.67,
3957.8,3958,5,534,2.98,2.33,,,13.6,,,,2.65,
3958,3958.2,5,535,799,755,,,19.7,,,,2.64,
3958.3,3958.5,5,536,67.7,59.5,75.3,66.5,17.9,,,,2.64,
3958.55,3958.75,5,537,7.46,6.17,,,12.2,,,,2.74,
3958.67,3958.87,5,538,,,,,,,,,,
3958.8,3959,5,539,64.6,56.8,,,20.7,,,,2.65,
3959.05,3959.25,5,540,1580,1510,,,19.5,,,,2.66,
3959.3,3959.5,5,541,146,132,,,19.4,,,,2.64,
3959.55,3959.75,5,542,232,212,,,19.6,,,,2.64,
3959.7,3959.9,5,543,,,,,,,,,,
3959.8,3960,5,544,4.34,3.51,,,18,,,,2.79,
3960,3960.2,5,545,0.224,0.139,,,8.1,,,,2.65,
3960.2,3960.4,5,546,,,0.079,0.046,6.7,,,,2.65,
3960.55,3960.75,5,547,0.155,0.094,,,9.9,,,,2.64,
3960.69,3960.89,5,548,,,,,,,,,,
3960.8,3961,5,549,0.159,0.097,,,10.5,,,,2.68,
3961.05,3961.25,5,550,35.3,30.4,,,18.2,,,,2.66,
3961.35,3961.55,5,551,68.2,59.9,62.7,55,21.2,,,,2.64,
3961.55,3961.75,5,552,1.86,1.31,,,12.6,,,,2.66,
3961.8,3962,5,553,146,132,,,22.2,,,,2.64,
3962.05,3962.25,5,554,36.4,31.4,,,19.4,,,,2.65,
3962.3,3962.5,5,555,8.92,7.43,161,146,17.2,,,,2.65,
3963,3963,6,556,45.5,39.4,,,21.9,,,,2.64,
3963.25,3963.25,6,557,7.79,6.47,,,17.6,,,,2.64,
3963.54,3963.54,6,558,,,,,,,,,,
3963.6,3963.6,6,559,122,110,108,96.3,22.8,,,,2.7,
3963.85,3963.85,6,560,0.162,0.099,,,9.5,,,,2.64,
3964,3964,6,561,0.521,0.341,,,10,,,,2.64,
3964.25,3964.25,6,562,,,,,19.4,,,,2.66,
3964.5,3964.5,6,563,0.126,0.076,0.116,0.069,8.3,,,,2.66,
3964.57,3964.57,6,564,,,,,,,,,,
3964.8,3964.8,6,565,0.319,0.202,,,9.7,,,,2.65,
3965,3965,6,566,1.52,1.06,,,14.5,,,,2.65,
3965.25,3965.25,6,567,2.17,1.64,,,14.5,,,,2.65,
3965.5,3965.5,6,568,15.7,13.2,1.48,1.03,15.8,,,,2.72,
3965.59,3965.59,6,569,,,,,,,,,,
3965.8,3965.8,6,570,32.5,28,,,15.7,,,,2.64,
3966,3966,6,571,,,,,11.3,,,,2.63,
3966.2,3966.2,6,572,35.1,30.2,,,16.7,,,,2.65,
3966.5,3966.5,6,573,0.365,0.233,0.176,0.108,13,,,,2.65,
3966.64,3966.64,6,574,,,,,,,,,,
3966.75,3966.75,6,575,2.11,1.59,,,14.8,,,,2.63,
3967,3967,6,576,602,566,,,22.6,,,,2.65,
3967.3,3967.3,6,577,31.7,27.2,,,17,,,,2.65,
3967.5,3967.5,6,578,549,514,19.4,16.4,20.2,,,,2.67,
3967.64,3967.64,6,579,,,,,,,,,,
3967.75,3967.75,6,580,0.165,0.1,,,3.8,,,,2.75,
3968,3968,6,581,0.08,0.047,,,4.7,,,,2.79,
3968.35,3968.35,6,582,6.17,4.71,,,14.5,,,,2.65,
3968.5,3968.5,6,583,2.31,1.76,1.58,1.1,15,,,,2.65,
3968.61,3968.61,6,584,,,,,,,,,,
3968.7,3968.7,6,585,10.3,8.59,,,14.8,,,,2.64,
3969,3969,6,586,998,948,,,19.3,,,,2.66,
3969.25,3969.25,6,587,958,909,,,22.2,,,,2.66,
3969.5,3969.5,6,588,65.6,57.8,27.3,23.3,15.2,,,,2.66,
3969.58,3969.58,6,589,,,,,,,,,,
3969.75,3969.75,6,590,77.8,68.8,,,17.1,,,,2.64,
3970,3970,6,591,8.7,7.16,,,13.9,,,,2.67,
3970.25,3970.25,6,592,0.066,0.038,,,5.2,,,,2.73,
3970.5,3970.5,6,593,0.04,0.022,0.067,0.038,3.3,,,,2.76,
3970.62,3970.62,6,594,,,,,,,,,,
3970.7,3970.7,6,595,0.037,0.021,,,2.9,,,,2.76,
3971,3971,6,596,29.7,25.5,,,16.1,,,,2.66,
3971.25,3971.25,6,597,94.5,84,,,17.6,,,,2.66,
3971.5,3971.5,6,598,1.67,1.17,15.8,13.3,15.2,,,,2.65,
3971.62,3971.62,6,599,,,,,,,,,,
3971.75,3971.75,6,600,2.93,2.29,,,17.9,,,,2.66,
3972,3972,6,601,1.77,1.25,,,14.3,,,,2.64,
3972.25,3972.25,6,602,0.99,0.673,,,12.9,,,,2.73,
3972.37,3972.37,6,603,,,,,,,,,,
3972.5,3972.5,6,604,4.23,3.41,0.159,0.097,14.8,,,,2.65,
3972.8,3972.8,6,605,3.76,3,,,16.3,,,,2.64,
3973,3973,6,606,0.863,0.582,,,12.6,,,,2.64,
3973.25,3973.25,6,607,161,146,,,22.7,,,,2.65,
3973.35,3973.35,6,608,,,,,,,,,,
3973.5,3973.5,6,609,46.2,40.1,41.6,36,20.3,,,,2.64,
3973.75,3973.75,6,610,15.6,12.9,,,25,,,,2.64,
3974,3974,6,611,3.69,2.94,,,13.7,,,,2.66,
3974.25,3974.25,6,612,30.9,26.5,,,11.5,,,,2.71,
3974.32,3974.32,6,613,,,,,,,,,,
3974.6,3974.6,6,614,136,123,,,14.8,,,,2.68,
3974.8,3974.8,6,615,202,184,,,15.7,,,,2.68,
3975,3975,6,616,165,150,,,17.2,,,,2.67,
3975.25,3975.25,6,617,131,118,8.61,7.13,16,,,,2.65,
3975.35,3975.35,6,618,,,,,,,,,,
3975.5,3975.5,6,619,213,194,67.7,59.4,16.8,,,,2.65,
3975.75,3975.75,6,620,222,203,,,15.5,,,,2.66,
3976.05,3976.05,6,621,238,218,,,16.9,,,,2.64,
3976.3,3976.3,6,622,,,,,5.9,,,,2.83,
3976.4,3976.4,6,623,,,,,,,,,,
3976.8,3976.8,6,624,0.11,0.066,,,5.2,,,,2.69,
3977,3977,6,625,0.06,0.035,,,6.2,,,,2.66,
3977.25,3977.25,6,626,0.065,0.038,,,8.4,,,,2.65,
3977.5,3977.5,6,627,84.5,75,202,185,19.1,,,,2.64,
3977.7,3977.7,6,628,1410,1340,,,22.8,,,,2.64,
3978.3,3978.3,6,629,4.74,3.86,,,13.2,,,,2.65,
3978.45,3978.45,6,630,0.122,0.073,0.223,0.139,9.2,,,,2.64,
3978.75,3978.75,6,631,0.193,0.119,,,10.3,,,,2.63,
3979,3979,6,632,304,281,,,21.9,,,,2.63,
3979.3,3979.3,6,633,10.7,8.9,,,17.3,,,,2.62,
3979.55,3979.55,6,634,1.26,0.866,0.777,0.521,14.3,,,,2.64,
3979.8,3979.8,6,635,58.1,50.8,,,17.8,,,,2.63,
3980.05,3980.05,6,636,2.7,2.09,,,4.6,,,,2.76,
3980.15,3980.15,6,637,,,,,,,,,,
3980.23,3980.23,6,638,1.2,0.824,,,13.6,,,,2.66,
3980.27,3980.27,6,639,55.3,48.3,,,20.9,,,,2.67,
3980.32,3980.32,6,640,,,,,,,,,,
3980.4,3980.4,6,641,99.6,88.7,163,147,21.6,,,,2.64,
3980.8,3980.8,6,642,537,504,,,20.3,,,,2.64,
3981.1,3981.1,6,643,0.071,0.041,,,4.8,,,,2.64,
3981.3,3981.3,6,644,1.26,0.868,,,12.9,,,,2.63,
3981.5,3981.5,6,645,8.7,7.23,4.82,3.93,18.4,,,,2.62,
3981.7,3981.7,6,646,2.31,1.76,,,17.8,,,,2.63,
3982.35,3982.35,6,647,105,94,47.2,41,21.2,,,,2.64,
3982.75,3982.75,6,648,73.3,64.6,,,19.8,,,,2.65,
3983,3983,6,649,9.85,8.23,,,13,,,,2.68,
3983.25,3983.25,6,650,0.228,0.142,,,5.1,,,,2.71,
3983.39,3983.39,6,651,,,,,,,,,,
3983.5,3983.5,6,652,,,0.041,0.023,6.4,,,,2.69,
3983.75,3983.75,6,653,0.38,0.244,,,6.2,,,,2.72,
3984.15,3984.15,6,654,0.583,0.384,,,7.7,,,,2.7,
3984.3,3984.3,6,655,8.99,7.46,,,12.6,,,,2.68,
3984.5,3984.5,6,656,0.462,0.3,0.03,0.017,4.2,,,,2.69,
3984.8,3984.8,6,657,231,211,,,16.9,,,,2.66,
3985,3985,6,658,75.5,66.6,,,14,,,,2.7,
3985.25,3985.25,6,659,3.94,3.16,,,7.8,,,,2.71,
3985.35,3985.35,6,660,,,,,,,,,,
3985.6,3985.6,6,661,1.12,0.77,0.537,0.352,8.9,,,,2.67,
3985.8,3985.8,6,662,2.29,1.75,,,16,,,,2.66,
3986,3986,6,663,2.22,1.69,,,10.7,,,,2.68,
3986.25,3986.25,6,664,3.2,2.52,,,10.6,,,,2.68,
3986.33,3986.33,6,665,,,,,,,,,,
3986.5,3986.5,6,666,1.3,0.901,0.327,0.208,7.5,,,,2.71,
3986.8,3986.8,6,667,1.68,1.18,,,12,,,,2.71,
3987,3987,6,668,0.364,0.233,,,5.9,,,,2.73,
3987.25,3987.25,6,669,4.32,3.49,,,14.8,,,,2.66,
3987.35,3987.35,6,670,,,,,,,,,,
3987.5,3987.5,6,671,2.22,1.69,1.76,1.24,17.3,,,,2.64,
3987.75,3987.75,6,672,0.104,0.062,,,10.2,,,,2.63,
3988,3988,6,673,6.72,5.58,,,16.4,,,,2.64,
3988.25,3988.25,6,674,24.4,20.8,,,15.9,,,,2.66,
3988.33,3988.33,6,675,,,,,,,,,,
3988.45,3988.45,6,676,35.8,30.8,15.2,12.8,17.9,,,,2.66,
3988.75,3988.75,6,677,8.25,6.84,,,10.7,,,,2.71,
3989,3989,6,678,5.57,4.59,,,11.6,,,,2.69,
3989.25,3989.25,6,679,7.54,6.25,,,11.8,,,,2.69,
3989.5,3989.5,6,680,5.08,4.15,0.92,0.623,11.5,,,,2.69,
3989.75,3989.75,6,681,1.19,0.82,,,10.8,,,,2.68,
3990,3990,6,682,50.5,44,,,15.7,,,,2.66,
3990.2,3990.2,6,683,11.7,9.8,,,11.7,,,,2.69,
3990.55,3990.55,6,684,4.1,3.3,0.193,0.119,11.4,,,,2.65,
3990.75,3990.75,6,685,1.31,0.908,,,9.3,,,,2.68,
3990.89,3990.89,6,686,,,,,,,,,,
3991.2,3991,7,687,0.067,0.039,,,3.7,,,,2.73,
3991.45,3991.25,7,688,0.043,0.024,,,2.9,,,,2.74,
3991.7,3991.5,7,689,0.049,0.028,0.053,0.03,5,,,,2.69,
3991.95,3991.75,7,690,1060,1000,,,21.6,,,,2.65,
3992.1,3991.9,7,691,,,,,,,,,,
3992.2,3992,7,692,2250,2170,,,24.2,,,,2.67,
3992.4,3992.2,7,693,0.768,0.514,,,16.6,,,,2.67,
3992.6,3992.4,7,694,1.18,0.811,0.967,0.656,17.2,,,,2.66,
3992.95,3992.75,7,695,24.1,20.5,,,21.1,,,,2.65,
3993.09,3992.89,7,696,,,,,,,,,,
3993.2,3993,7,697,1990,1920,,,24.2,,,,2.66,
3993.4,3993.2,7,698,957,908,,,22.6,,,,2.65,
3993.7,3993.5,7,699,0.103,0.061,0.206,0.127,8,,,,2.66,
3993.95,3993.75,7,700,0.09,0.053,,,6.3,,,,2.73,
3994.1,3993.9,7,701,,,,,,,,,,
3994.2,3994,7,702,151,137,,,20.4,,,,2.66,
3994.4,3994.2,7,703,1.93,1.37,,,16.2,,,,2.63,
3994.65,3994.45,7,704,0.293,0.185,0.218,0.135,12,,,,2.64,
3994.95,3994.75,7,705,11.3,9.43,,,17,,,,2.64,
3995.13,3994.93,7,706,,,,,,,,,,
3995.2,3995,7,707,3.15,2.48,,,17.8,,,,2.65,
3995.45,3995.25,7,708,37.7,32.4,,,21.2,,,,2.64,
3995.7,3995.5,7,709,6.68,5.49,1.62,1.14,18.2,,,,2.65,
3995.95,3995.75,7,710,4.23,3.41,,,17.8,,,,2.65,
3996.09,3995.89,7,711,,,,,,,,,,
3996.2,3996,7,712,42.1,36.3,,,21.1,,,,2.63,
3996.4,3996.2,7,713,1.64,1.15,,,15.8,,,,2.65,
3996.6,3996.4,7,714,1.4,0.974,0.874,0.59,15.7,,,,2.64,
3996.95,3996.75,7,715,0.647,0.429,,,12.9,,,,2.65,
3997.12,3996.92,7,716,,,,,,,,,,
3997.2,3997,7,717,0.342,0.218,,,10.4,,,,2.65,
3997.4,3997.2,7,718,8.48,7.04,,,11.4,,,,2.66,
3997.7,3997.5,7,719,0.375,0.24,0.125,0.075,11.7,,,,2.65,
3997.95,3997.75,7,720,0.452,0.293,,,11.7,,,,2.66,
3998.25,3998.05,7,721,0.458,0.297,,,10.6,,,,2.67,
3998.45,3998.25,7,722,26.8,22.9,,,17.5,,,,2.64,
3998.65,3998.45,7,723,8.14,6.78,1.19,0.82,15.4,,,,2.65,
3999.05,3998.85,7,724,4980,4850,,,28.9,,,,2.65,
3999.2,3999,7,725,3460,3350,,,20.7,,,,2.66,
3999.45,3999.25,7,726,3600,3490,,,20.9,,,,2.64,
3999.7,3999.5,7,727,180,163,479,448,17.3,,,,2.64,
3999.95,3999.75,7,728,850,805,,,18.5,,,,2.64,